k,wcss,silhouette,davies_bouldin,calinski_harabasz
2,389.38618895643776,0.3354719289400457,1.2606822880201851,107.09556673899085
3,295.21224615554917,0.35779338871027205,1.050270139649266,101.69494709193027
4,205.22514747675936,0.4039582785148566,0.9307956868103668,125.6763966240503
5,168.2475801755686,0.41664341513732767,0.874551051002418,125.10094020060956
6,133.86842085478875,0.4284167762892592,0.8253539040983221,135.10210365783414
7,117.01155455889828,0.41723189495491597,0.7934668170964965,132.77430922888294
8,103.87329152383727,0.4082067042807375,0.8917830367156756,131.0062159524198
9,93.0928911004174,0.41769250624076476,0.819843947636208,130.00355969096432
10,82.38515364526609,0.40655411010117004,0.8679043654208405,132.6382734103623
